{"DebtRatio": {"variable": ["DebtRatio", "DebtRatio", "DebtRatio", "DebtRatio", "DebtRatio"], "bin": ["[-inf,0.4)", "[0.4,0.55)", "[0.55,0.7000000000000001)", "[0.7000000000000001,2.7)", "[2.7,inf)"], "count": [80568, 17869, 9084, 11931, 30548], "count_distr": [0.53712, 0.11912666666666667, 0.06056, 0.07954, 0.20365333333333333], "good": [75827, 16557, 8221, 10516, 28853], "bad": [4741, 1312, 863, 1415, 1695], "badprob": [0.058844702611458646, 0.07342324696401589, 0.09500220167327168, 0.11859860866649903, 0.0554864475579416], "woe": [-0.13593137359645688, 0.10101868963166823, 0.38224252816653953, 0.6305065964628112, -0.1982562606154487], "bin_iv": [0.009359078627610568, 0.0012701596508192356, 0.010451988419944545, 0.04161647185988562, 0.007349497526023649], "total_iv": [0.07004719608428361, 0.07004719608428361, 0.07004719608428361, 0.07004719608428361, 0.07004719608428361], "breaks": ["0.4", "0.55", "0.7000000000000001", "2.7", "inf"], "is_special_values": [false, false, false, false, false]}, "NumberOfTimes90DaysLate": {"variable": ["NumberOfTimes90DaysLate", "NumberOfTimes90DaysLate"], "bin": ["[-inf,1.0)", "[1.0,inf)"], "count": [141662, 8338], "count_distr": [0.9444133333333333, 0.055586666666666666], "good": [135108, 4866], "bad": [6554, 3472], "badprob": [0.0462650534370544, 0.4164068121851763], "woe": [-0.3897239360971259, 2.298733524672018], "bin_iv": [0.12141304474209727, 0.7161382979864164], "total_iv": [0.8375513427285136, 0.8375513427285136], "breaks": ["1.0", "inf"], "is_special_values": [false, false]}, "age": {"variable": ["age", "age", "age", "age"], "bin": ["[-inf,44.0)", "[44.0,58.0)", "[58.0,68.0)", "[68.0,inf)"], "count": [44509, 50450, 31439, 23602], "count_distr": [0.2967266666666667, 0.3363333333333333, 0.20959333333333333, 0.15734666666666666], "good": [40016, 46748, 30139, 23071], "bad": [4493, 3702, 1300, 531], "badprob": [0.10094587611494305, 0.07337958374628345, 0.04134991570978721, 0.022498093381916787], "woe": [0.44951622818800474, 0.10037671231564013, -0.5071807774448631, -1.1352947030884246], "bin_iv": [0.07293544002668793, 0.0035396508749548136, 0.043442915713896135, 0.12699539286291822], "total_iv": [0.24691339947845709, 0.24691339947845709, 0.24691339947845709, 0.24691339947845709], "breaks": ["44.0", "58.0", "68.0", "inf"], "is_special_values": [false, false, false, false]}, "NumberOfTime30-59DaysPastDueNotWorse": {"variable": ["NumberOfTime30-59DaysPastDueNotWorse", "NumberOfTime30-59DaysPastDueNotWorse", "NumberOfTime30-59DaysPastDueNotWorse"], "bin": ["[-inf,1.0)", "[1.0,2.0)", "[2.0,inf)"], "count": [126018, 16033, 7949], "count_distr": [0.84012, 0.10688666666666667, 0.05299333333333334], "good": [120977, 13624, 5373], "bad": [5041, 2409, 2576], "badprob": [0.04000222190480725, 0.15025260400424126, 0.3240659202415398], "woe": [-0.5417209975483785, 0.9036537525075922, 1.9011263687306676], "bin_iv": [0.1958262895910419, 0.12917090834460188, 0.4154840893437576], "total_iv": [0.7404812872794013, 0.7404812872794013, 0.7404812872794013], "breaks": ["1.0", "2.0", "inf"], "is_special_values": [false, false, false]}, "NumberRealEstateLoansOrLines": {"variable": ["NumberRealEstateLoansOrLines", "NumberRealEstateLoansOrLines", "NumberRealEstateLoansOrLines", "NumberRealEstateLoansOrLines"], "bin": ["[-inf,1.0)", "[1.0,2.0)", "[2.0,3.0)", "[3.0,inf)"], "count": [56188, 52338, 31522, 9952], "count_distr": [0.3745866666666667, 0.34892, 0.21014666666666668, 0.06634666666666666], "good": [51516, 49590, 29757, 9111], "bad": [4672, 2748, 1765, 841], "badprob": [0.08314942692389835, 0.05250487217700332, 0.05599264006090984, 0.0845056270096463], "woe": [0.23596977873074698, -0.2566408539056946, -0.18863873581146132, 0.25362887849433463], "bin_iv": [0.0231129215661474, 0.02058072499544659, 0.006894215880859683, 0.004766002990319077], "total_iv": [0.05535386543277276, 0.05535386543277276, 0.05535386543277276, 0.05535386543277276], "breaks": ["1.0", "2.0", "3.0", "inf"], "is_special_values": [false, false, false, false]}, "RevolvingUtilizationOfUnsecuredLines": {"variable": ["RevolvingUtilizationOfUnsecuredLines", "RevolvingUtilizationOfUnsecuredLines", "RevolvingUtilizationOfUnsecuredLines", "RevolvingUtilizationOfUnsecuredLines"], "bin": ["[-inf,0.15000000000000002)", "[0.15000000000000002,0.5)", "[0.5,0.8500000000000001)", "[0.8500000000000001,inf)"], "count": [74322, 34390, 18592, 22696], "count_distr": [0.49548, 0.22926666666666667, 0.12394666666666666, 0.15130666666666667], "good": [72900, 32825, 16487, 17762], "bad": [1422, 1565, 2105, 4934], "badprob": [0.01913296197626544, 0.04550741494620529, 0.11322074010327023, 0.21739513570673247], "woe": [-1.3007493353983182, -0.40702962396149844, 0.5780182477905481, 1.3553636465060974], "bin_iv": [0.4929576826293751, 0.031916691487017014, 0.05327476216530812, 0.49501335456598916], "total_iv": [1.0731624908476896, 1.0731624908476896, 1.0731624908476896, 1.0731624908476896], "breaks": ["0.15000000000000002", "0.5", "0.8500000000000001", "inf"], "is_special_values": [false, false, false, false]}, "MonthlyIncome": {"variable": ["MonthlyIncome", "MonthlyIncome", "MonthlyIncome", "MonthlyIncome"], "bin": ["[-inf,5000.0)", "[5000.0,7500.0)", "[7500.0,10000.0)", "[10000.0,inf)"], "count": [53102, 60094, 17019, 19785], "count_distr": [0.35401333333333335, 0.4006266666666667, 0.11346, 0.1319], "good": [48452, 56455, 16138, 18929], "bad": [4650, 3639, 881, 856], "badprob": [0.08756732326466046, 0.060555130295869807, 0.051765673658851874, 0.043265099823098306], "woe": [0.2925685746799543, -0.10545996976721772, -0.2715994202370274, -0.45990506822923233], "bin_iv": [0.034418977178083156, 0.004257270239987512, 0.007447610835454267, 0.02292821777005743], "total_iv": [0.06905207602358236, 0.06905207602358236, 0.06905207602358236, 0.06905207602358236], "breaks": ["5000.0", "7500.0", "10000.0", "inf"], "is_special_values": [false, false, false, false]}, "NumberOfOpenCreditLinesAndLoans": {"variable": ["NumberOfOpenCreditLinesAndLoans", "NumberOfOpenCreditLinesAndLoans", "NumberOfOpenCreditLinesAndLoans"], "bin": ["[-inf,3.0)", "[3.0,14.0)", "[14.0,inf)"], "count": [12992, 114991, 22017], "count_distr": [0.08661333333333333, 0.7666066666666667, 0.14678], "good": [11314, 108180, 20480], "bad": [1678, 6811, 1537], "badprob": [0.1291564039408867, 0.05923072240436208, 0.06980969251033292], "woe": [0.7278366833592955, -0.12898258194885462, 0.04665863662039661], "bin_iv": [0.06298375099229388, 0.012062977848790792, 0.00032607526491922463], "total_iv": [0.07537280410600389, 0.07537280410600389, 0.07537280410600389], "breaks": ["3.0", "14.0", "inf"], "is_special_values": [false, false, false]}, "NumberOfDependents": {"variable": ["NumberOfDependents", "NumberOfDependents", "NumberOfDependents", "NumberOfDependents"], "bin": ["[-inf,1.0)", "[1.0,2.0)", "[2.0,3.0)", "[3.0,inf)"], "count": [90826, 26316, 19522, 13336], "count_distr": [0.6055066666666666, 0.17544, 0.13014666666666666, 0.08890666666666666], "good": [85552, 24381, 17938, 12103], "bad": [5274, 1935, 1584, 1233], "badprob": [0.05806707330500077, 0.07352941176470588, 0.08113922753816208, 0.09245650869826035], "woe": [-0.15006031804003578, 0.10257815827781272, 0.20930689793166768, 0.3522718406609855], "bin_iv": [0.012780173111040145, 0.0019300959079839866, 0.006245059951836016, 0.012862922106693951], "total_iv": [0.033818251077554096, 0.033818251077554096, 0.033818251077554096, 0.033818251077554096], "breaks": ["1.0", "2.0", "3.0", "inf"], "is_special_values": [false, false, false, false]}, "NumberOfTime60-89DaysPastDueNotWorse": {"variable": ["NumberOfTime60-89DaysPastDueNotWorse", "NumberOfTime60-89DaysPastDueNotWorse"], "bin": ["[-inf,1.0)", "[1.0,inf)"], "count": [142396, 7604], "count_distr": [0.9493066666666666, 0.05069333333333333], "good": [135140, 4834], "bad": [7256, 2770], "badprob": [0.05095648754178488, 0.364281956864808], "woe": [-0.28820759307594807, 2.0794480101532007], "bin_iv": [0.06967322952492054, 0.5026996580841789],